{"name":"Graphcool","targetUrl":"https://console.graph.cool/","counter":false,"width":1280,"height":800,"showMenuBar":false,"fastQuit":true,"userAgent":"Mozilla/5.0 (Macintosh; Intel Mac OS X 10_12_5) AppleWebKit/537.36 (KHTML, like Gecko) Chrome/56.0.2924.87 Safari/537.36","nativefierVersion":"7.4.0","ignoreCertificate":false,"insecure":false,"flashPluginDir":null,"fullScreen":false,"maximize":false,"disableContextMenu":true,"disableDevTools":true,"zoom":1,"internalUrls":null,"singleInstance":false}